trial,x,y,z,roll,pitch,yaw
1,0.3126880422157805,0.004796950962194121,0.06415226600101784,-3.135456730267503,1.512504967051097,-3.126252845051237
